{
  "eta_C": 1.2,
  "alpha_A": 0.4,
  "gamma_T": 0.15,
  "eta_R": 0.6,
  "K_R": 0.35,
  "p_R": 2.5,
  "delta_R": 0.6,
  "mu_L": 0.9,
  "delta_L": 0.6,
  "K_M": 0.25,
  "q_M": 3.5,
  "rho_C": 0.19140936640162992,
  "eta_C_M": 2.514237275164176,
  "K_C": 0.44518044879895546,
  "n_C": 3.196847704513319,
  "delta_C": 1.1719249190002172,
  "beta_A": 1.2196193714710315,
  "delta_A": 1.1450902641332155,
  "alpha_T": 0.9847651982599328,
  "delta_T": 1.5779604900256552,
  "eta_M": 1.156511907119349,
  "delta_M": 0.7177483663678178
}