{
  "eta_C": 1.2,
  "alpha_A": 0.4,
  "gamma_T": 0.15,
  "eta_R": 0.6,
  "K_R": 0.35,
  "p_R": 2.5,
  "delta_R": 0.6,
  "mu_L": 0.9,
  "delta_L": 0.6,
  "K_M": 0.25,
  "q_M": 3.5,
  "rho_C": 0.1512553110692525,
  "eta_C_M": 3.146457420700909,
  "K_C": 0.43737072822837375,
  "n_C": 3.6094813761976314,
  "delta_C": 1.1517761452743787,
  "beta_A": 1.3064277678539746,
  "delta_A": 1.223844822379918,
  "alpha_T": 0.8887057965314086,
  "delta_T": 1.6190571533208609,
  "eta_M": 1.3170379849606464,
  "delta_M": 0.4772004066350102
}