module,t_half
C,14.035087719298245
A,1.5037593984962405
T,9.022556390977442
R,13.032581453634084
L,3.508771929824561
M,18.546365914786968
