module,t_half
C,8.020050125313283
A,1.0025062656641603
T,3.007518796992481
R,6.015037593984962
L,3.007518796992481
M,12.030075187969924
