scenario,f_ras,C,A,T,R,L,M
baseline_high_ras,0.95,0.6648883508328894,0.5050119409593472,0.3388023027782433,0.32418205426572033,0.7575179114501329,0.5720712106762522
lepr_ko,0.95,0.1470410308160148,0.3185504147667644,0.18847620918924354,0.005814711773641972,0.4778256222157957,3.9939362247324667e-07
tgfb_neut,0.95,0.11101009279111627,0.30020883221063344,0.03501406268358355,0.0031455409167791175,0.45031324830536645,3.778625331031505e-08
mtor_inhib,0.95,0.17249370797128602,0.33093816682346283,0.19763398882450597,0.1619787336575916,0.4964072502373008,0.010119022021300739
anti_angio,0.95,0.11265472700927122,0.1255564917221229,0.07935543891870153,0.023335363121569676,0.18833473757622865,1.9879868242809197e-06
