scenario,f_ras,C,A,T,R,L,M
baseline_high_ras,0.95,0.5961682542887391,0.49156555710495436,0.3634450260794654,0.3436347196383165,0.7373483356943417,0.4519271335236292
lepr_ko,0.95,0.22686300968887133,0.36446607959279803,0.24901951922265983,0.009875571877548174,0.5466991193584779,2.3849175594799323e-06
tgfb_neut,0.95,0.13475012235932518,0.32220484475286987,0.04277783104338455,0.005168495340911213,0.4833072671274612,1.606733441477656e-07
mtor_inhib,0.95,0.31244554266431573,0.3992669411470134,0.27887328151920393,0.2656305879742432,0.5989004120922309,0.05208529739539058
anti_angio,0.95,0.14065987672825028,0.138343640259951,0.0997078094352522,0.03986299982223481,0.20751546026052267,1.0618223435097373e-05
