condition,C_star,A_star,T_star,R_star,L_star,M_star,G_star,fold_vs_baseline
baseline,0.712588,0.736055,13.1814,0.652328,1.22676,0.790135,0.524504,1
lepr_null,0.0245457,0.113667,0.895609,-2.10428e-14,0.189444,-1.49201e-16,0.00279003,0.00531936
rapamycin_like,0.634338,0.713147,12.0236,0.641101,1.18858,0.543309,0.452376,0.862484
anti_vegfa,0.708258,0.580882,12.3479,0.644524,0.968137,0.773863,0.411415,0.784388
leptin_high,0.714869,0.736668,13.2149,0.652614,2.45556,0.799379,0.526621,1.00404
