scenario,gene,perturbation,C_final,M_final,reduction_C,reduction_M
Baseline,WT,None,0.6648883508219461,0.572071210648069,0.0,0.0
TGFβR_KO,TGFBR,eta_R = 0,0.14703999856439492,-3.7110048454162903e-17,0.5178483522575512,0.572071210648069
Angio_KO,VEGF,beta_A = 0,0.12840141656584012,0.0018028026380174816,0.5364869342561059,0.5702684080100515
mTOR_KO,MTOR,eta_M = 0,0.14703999856429698,-8.911006040795388e-10,0.5178483522576491,0.5720712115391696
TGFb_secretion_KO,TGFB1,gamma_T = 0,0.572972574403286,0.3928313335918783,0.09191577641866011,0.1792398770561907
LEPR_mTOR_double_KO,LEPR+MTOR,"mu_L×0.1, eta_M=0",0.147039998564318,-2.778405088426513e-09,0.517848352257628,0.572071213426474
TGFbR_Angio_double_KO,TGFBR+VEGF,"eta_R=0, beta_A=0",0.12452286629355969,-1.041445778323624e-13,0.5403654845283864,0.5720712106481731
