scenario,drugs,dose,C_final,M_final,reduction_C
mTOR_inh_50pct,mTOR inhibitor,50%,0.5661104430373359,0.3428546543817858,0.0988895569626641
TGFb_inh_50pct,TGFβ inhibitor,50%,0.12084456597557339,0.0011853234431204954,0.5441554340244267
Angio_inh_50pct,Angio inhibitor,50%,0.16036783707496116,0.011911708697557512,0.5046321629250389
mTOR_TGFb_combo_50pct,mTOR + TGFβ,50% each,0.11947984037924915,0.0005753774332534318,0.5455201596207508
mTOR_Angio_combo_50pct,mTOR + Angio,50% each,0.14478616556427307,0.004903001489182804,0.520213834435727
TGFb_Angio_combo_50pct,TGFβ + Angio,50% each,0.1165970168498058,0.0003276718441767246,0.5484029831501942
Triple_combo_50pct,mTOR + TGFβ + Angio,50% each,0.1162356906034323,0.00016291964789074724,0.5487643093965677
