dataset,condition,C_target,A_target,T_target,M_target,TGFb_bulk,mTOR_bulk,Angio_bulk,CSC_bulk
Bl6,Normal,-0.8614619375563097,-0.8162470073972893,-0.19273846988250085,-0.7049225126877288,-0.19273846988250085,-0.7049225126877288,-0.8162470073972893,-0.8614619375563097
Bl6,SCC,0.43073096877815487,0.4081235036986449,0.0963692349412502,0.35246125634386444,0.0963692349412502,0.35246125634386444,0.4081235036986449,0.43073096877815487
PAP_SCC,Papilloma,-0.4162847603404546,-0.3957107436700137,-0.349486555445781,-0.3600867112621045,-0.349486555445781,-0.3600867112621045,-0.3957107436700137,-0.4162847603404546
PAP_SCC,SCC,0.4162847603404545,0.39571074367001313,0.34948655544578056,0.360086711262104,0.34948655544578056,0.360086711262104,0.39571074367001313,0.4162847603404545
PDV,PDV_WT,0.304216445069982,0.35508310003545385,0.2074806983284763,0.23468492676003283,0.2074806983284763,0.23468492676003283,0.35508310003545385,0.304216445069982
PDV,PDV_LeprKO,-0.30421644506998224,-0.3550831000354536,-0.2074806983284767,-0.2346849267600329,-0.2074806983284767,-0.2346849267600329,-0.3550831000354536,-0.30421644506998224
