module,rss,n_points,mse
A,1.737959347732574,6,0.28965989128876235
C,1.822118811259763,6,0.30368646854329384
M,2.496191207158793,6,0.4160318678597988
T,3.7256912872186905,6,0.6209485478697817
GLOBAL,9.78196065336982,24,0.40758169389040916
