{
  "n_cells_total": 1504,
  "n_csc": 172,
  "n_non_csc": 1332,
  "csc_fraction_K14pos": 0.11436170212765957,
  "markers": {
    "Lepr_expr": {
      "non_CSC": {
        "mean": 1.503371428653341,
        "median": 1.313325236463574
      },
      "CSC": {
        "mean": 2.772478019608397,
        "median": 3.0173485014054444
      }
    },
    "Krt14_expr": {
      "non_CSC": {
        "mean": 12.456026452697586,
        "median": 12.589219324297664
      },
      "CSC": {
        "mean": 13.132359567031287,
        "median": 13.177444983387751
      }
    }
  }
}