condition,stage,n_samples,mean_score_Angio_bulk,mean_score_CSC_bulk,mean_score_TGFb_bulk,mean_score_mTOR_bulk,sd_score_Angio_bulk,sd_score_CSC_bulk,sd_score_TGFb_bulk,sd_score_mTOR_bulk,C_target,A_target,T_target,M_target
HFSC,Normal,1,-0.46191641284487756,-0.2763349200893031,-0.06292283832301362,-0.30398180929951163,NA,NA,NA,NA,-0.2763349200893031,-0.46191641284487756,-0.06292283832301362,-0.30398180929951163
IFE,Normal,1,0.48041595735523535,0.7052988824851345,0.6014627679548429,0.6517675384805268,NA,NA,NA,NA,0.7052988824851345,0.48041595735523535,0.6014627679548429,0.6517675384805268
Papilloma_mneg,Papilloma,1,-0.12122215024096777,-0.20643131560757932,-0.29380612847646176,-0.11652026060074623,NA,NA,NA,NA,-0.20643131560757932,-0.12122215024096777,-0.29380612847646176,-0.11652026060074623
Papilloma_mpos,Papilloma,1,-0.24603142448370285,-0.43559867596693636,-0.4784632944924259,-0.4990199115773274,NA,NA,NA,NA,-0.43559867596693636,-0.24603142448370285,-0.4784632944924259,-0.4990199115773274
SCC_mneg,SCC,1,0.3990825281987167,0.44223921080711753,0.35877939713529716,0.35607196829976195,NA,NA,NA,NA,0.44223921080711753,0.3990825281987167,0.35877939713529716,0.35607196829976195
SCC_mpos,SCC,1,-0.05032849798440293,-0.22917318162843212,-0.1250499037982401,-0.08831752530270295,NA,NA,NA,NA,-0.22917318162843212,-0.05032849798440293,-0.1250499037982401,-0.08831752530270295
