sample_id,dataset,condition,TGFb_bulk,mTOR_bulk,Angio_bulk,CSC_bulk
HFSC_ATAC_Rep1,ATAC,HFSC,-0.06292283832301362,-0.30398180929951163,-0.46191641284487756,-0.2763349200893031
IFE_ATAC_Rep1,ATAC,IFE,0.6014627679548429,0.6517675384805268,0.48041595735523535,0.7052988824851345
PAP_mneg_ATAC_POOL,ATAC,Papilloma_mneg,-0.29380612847646176,-0.11652026060074623,-0.12122215024096777,-0.20643131560757932
PAP_mpos_ATAC_POOL,ATAC,Papilloma_mpos,-0.4784632944924259,-0.4990199115773274,-0.24603142448370285,-0.43559867596693636
SCC_mneg_ATAC_POOL,ATAC,SCC_mneg,0.35877939713529716,0.35607196829976195,0.3990825281987167,0.44223921080711753
SCC_mpos_ATAC_POOL,ATAC,SCC_mpos,-0.1250499037982401,-0.08831752530270295,-0.05032849798440293,-0.22917318162843212
