quantity,gamma_exp,gamma_model
C,321,9.84229
A,93.7,8.87311
T,14.25,9.20432
L,5.17,8.87311
