phase,time,C,A,T,R,L,M
pre,200,0.712588,0.736055,13.1814,0.652328,1.22676,0.790135
post,400,0.0245457,0.113666,0.895609,0.0331084,0.189444,2.4239e-07
