scenario,gene,fold_change,C_final,M_final,transforms_to_malignant
Benign_baseline,WT,1×,0.039266227790988664,7.256151782901999e-07,No
mTOR_overexpression_2x,MTOR,2×,0.03926812929628043,1.4514720868562677e-06,No
TGFb_overexpression_2x,TGFB1,2×,0.039549311738216256,1.1348617059380465e-06,No
LEPR_overexpression_2x,LEPR,2×,0.039284570379141376,7.727569335512675e-06,No
mTOR_overexpression_3x,MTOR,3×,0.03927003143004657,2.177570900301321e-06,No
