{
  "model_A_params": {
    "f_ras": 1.0,
    "k_C_ras": 0.2801886147724002,
    "k_C_TGFb": 0.3436171377413064,
    "K_C": 0.7966264653032231,
    "n_C": 4.468943075357613,
    "k_C_M": 1.174758827662602,
    "k_C_deg": 1.2065681277511648,
    "k_A_ras": 0.05220456878262806,
    "k_A_C": 1.2355604778992286,
    "k_A_deg": 0.40036597064515456,
    "k_T_A": 0.8000439763647544,
    "k_T_C": 0.10573048021679982,
    "k_T_deg": 1.0757829320392485,
    "k_R_prod": 1.38799662503356,
    "K_R": 0.9835121738850106,
    "p_R": 3.695312917772757,
    "k_R_deg": 0.7344688556061063,
    "L_sys": 0.07914795749436822,
    "k_L_A": 1.105715984129226,
    "k_M_max": 1.2653890715063245,
    "K_M": 0.6242664646134699,
    "q_M": 2.216261659431004,
    "clip_state": true
  },
  "model_B_params": {
    "f_ras": 1.0,
    "k_C_ras": 0.2801886147724002,
    "k_C_TGFb": 0.3436171377413064,
    "K_C": 0.7966264653032231,
    "n_C": 4.468943075357613,
    "k_C_M": 0.0,
    "k_C_deg": 1.2065681277511648,
    "k_A_ras": 0.05220456878262806,
    "k_A_C": 1.2355604778992286,
    "k_A_deg": 0.40036597064515456,
    "k_T_A": 0.8000439763647544,
    "k_T_C": 0.10573048021679982,
    "k_T_deg": 1.0757829320392485,
    "k_R_prod": 1.38799662503356,
    "K_R": 0.9835121738850106,
    "p_R": 3.695312917772757,
    "k_R_deg": 0.7344688556061063,
    "L_sys": 0.07914795749436822,
    "k_L_A": 1.105715984129226,
    "k_M_max": 1.2653890715063245,
    "K_M": 0.6242664646134699,
    "q_M": 2.216261659431004,
    "clip_state": true
  },
  "meta": {
    "description": "Coarse random-search calibration from RNA-Seq module scores",
    "n_samples": 500,
    "t_span": [
      0.0,
      100.0
    ],
    "dt": 0.1
  }
}