{
  "initial_params": {
    "k_C_base": 0.05,
    "k_C_M": 0.9,
    "K_C": 0.4,
    "n_C": 3.0,
    "k_C_decay": 0.5,
    "k_A_C": 0.7,
    "k_A_decay": 0.5,
    "k_T_A": 0.5,
    "k_T_input": 1.0,
    "k_T_decay": 0.5,
    "k_M_T": 0.7,
    "k_M_decay": 0.5
  },
  "fitted_params": {
    "k_C_base": 0.0010001367107717704,
    "k_C_M": 4.456820515549613,
    "K_C": 0.14797658337218597,
    "n_C": 4.603736089070342,
    "k_C_decay": 3.603205654817091,
    "k_A_C": 0.7578912359319372,
    "k_A_decay": 0.6842049511030336,
    "k_T_A": 0.859240089862526,
    "k_T_input": 0.23613882273968853,
    "k_T_decay": 4.3223876895376705,
    "k_M_T": 0.7724727905828849,
    "k_M_decay": 0.6729453365303404
  },
  "conditions": [
    {
      "dataset": "Bl6",
      "condition": "Normal",
      "u_TGFb": 0.2,
      "targets": {
        "C_target": -0.8614619375563097,
        "A_target": -0.8162470073972893,
        "T_target": -0.19273846988250085,
        "M_target": -0.7049225126877288
      },
      "predicted": {
        "C_pred": 0.0002923500984135227,
        "A_pred": 0.0003238350832821656,
        "T_pred": 0.010990690453920858,
        "M_pred": 0.012616191939077101
      },
      "residuals": {
        "C_residual": 0.8617542876547233,
        "A_residual": 0.8165708424805714,
        "T_residual": 0.20372916033642172,
        "M_residual": 0.7175387046268059
      }
    },
    {
      "dataset": "Bl6",
      "condition": "SCC",
      "u_TGFb": 1.0,
      "targets": {
        "C_target": 0.43073096877815487,
        "A_target": 0.4081235036986449,
        "T_target": 0.0963692349412502,
        "M_target": 0.35246125634386444
      },
      "predicted": {
        "C_pred": 0.21442041598800143,
        "A_pred": 0.21241784390603674,
        "T_pred": 0.09610788413862385,
        "M_pred": 0.10610381479171663
      },
      "residuals": {
        "C_residual": -0.21631055279015343,
        "A_residual": -0.19570565979260818,
        "T_residual": -0.0002613508026263478,
        "M_residual": -0.2463574415521478
      }
    },
    {
      "dataset": "PAP_SCC",
      "condition": "Papilloma",
      "u_TGFb": 0.6,
      "targets": {
        "C_target": -0.4162847603404546,
        "A_target": -0.3957107436700137,
        "T_target": -0.349486555445781,
        "M_target": -0.3600867112621045
      },
      "predicted": {
        "C_pred": 0.0027324061913961916,
        "A_pred": 0.0030266735631936767,
        "T_pred": 0.03338061541579027,
        "M_pred": 0.03831754207594674
      },
      "residuals": {
        "C_residual": 0.4190171665318508,
        "A_residual": 0.3987374172332074,
        "T_residual": 0.3828671708615713,
        "M_residual": 0.39840425333805124
      }
    },
    {
      "dataset": "PAP_SCC",
      "condition": "SCC",
      "u_TGFb": 1.0,
      "targets": {
        "C_target": 0.4162847603404545,
        "A_target": 0.39571074367001313,
        "T_target": 0.34948655544578056,
        "M_target": 0.360086711262104
      },
      "predicted": {
        "C_pred": 0.21442041598800143,
        "A_pred": 0.21241784390603674,
        "T_pred": 0.09610788413862385,
        "M_pred": 0.10610381479171663
      },
      "residuals": {
        "C_residual": -0.20186434435245304,
        "A_residual": -0.1832928997639764,
        "T_residual": -0.2533786713071567,
        "M_residual": -0.2539828964703874
      }
    },
    {
      "dataset": "PDV",
      "condition": "PDV_WT",
      "u_TGFb": 1.0,
      "targets": {
        "C_target": 0.304216445069982,
        "A_target": 0.35508310003545385,
        "T_target": 0.2074806983284763,
        "M_target": 0.23468492676003283
      },
      "predicted": {
        "C_pred": 0.21442041598800143,
        "A_pred": 0.21241784390603674,
        "T_pred": 0.09610788413862385,
        "M_pred": 0.10610381479171663
      },
      "residuals": {
        "C_residual": -0.08979602908198059,
        "A_residual": -0.1426652561294171,
        "T_residual": -0.11137281418985244,
        "M_residual": -0.1285811119683162
      }
    },
    {
      "dataset": "PDV",
      "condition": "PDV_LeprKO",
      "u_TGFb": 1.0,
      "targets": {
        "C_target": -0.30421644506998224,
        "A_target": -0.3550831000354536,
        "T_target": -0.2074806983284767,
        "M_target": -0.2346849267600329
      },
      "predicted": {
        "C_pred": 0.21442041598800143,
        "A_pred": 0.21241784390603674,
        "T_pred": 0.09610788413862385,
        "M_pred": 0.10610381479171663
      },
      "residuals": {
        "C_residual": 0.5186368610579837,
        "A_residual": 0.5675009439414904,
        "T_residual": 0.3035885824671006,
        "M_residual": 0.34078874155174954
      }
    }
  ],
  "fit_diagnostics": {
    "n_data": 24,
    "n_params": 12,
    "rss": 3.8111906881107256,
    "aic": 47.94635743059299,
    "bic": 62.08300339476834,
    "fit_success": true,
    "fit_message": "`xtol` termination condition is satisfied.",
    "n_function_evals": 329,
    "param_uncertainty": {
      "k_C_base": {
        "estimate": 0.0010001367107717704,
        "se": 0.0,
        "ci_lower": 0.0010001367107717704,
        "ci_upper": 0.0010001367107717704
      },
      "k_C_M": {
        "estimate": 4.456820515549613,
        "se": 0.0,
        "ci_lower": 4.456820515549613,
        "ci_upper": 4.456820515549613
      },
      "K_C": {
        "estimate": 0.14797658337218597,
        "se": 504.96910750408915,
        "ci_lower": -989.5914741246426,
        "ci_upper": 989.8874272913869
      },
      "n_C": {
        "estimate": 4.603736089070342,
        "se": 1342.6565828156763,
        "ci_lower": -2627.003166229655,
        "ci_upper": 2636.210638407796
      },
      "k_C_decay": {
        "estimate": 3.603205654817091,
        "se": 0.0,
        "ci_lower": 3.603205654817091,
        "ci_upper": 3.603205654817091
      },
      "k_A_C": {
        "estimate": 0.7578912359319372,
        "se": 3948.773908594423,
        "ci_lower": -7738.838969609137,
        "ci_upper": 7740.354752081002
      },
      "k_A_decay": {
        "estimate": 0.6842049511030336,
        "se": 3640.917572865675,
        "ci_lower": -7135.51423786562,
        "ci_upper": 7136.882647767827
      },
      "k_T_A": {
        "estimate": 0.859240089862526,
        "se": 7339.101296605888,
        "ci_lower": -14383.779301257677,
        "ci_upper": 14385.497781437403
      },
      "k_T_input": {
        "estimate": 0.23613882273968853,
        "se": 2055.421016135879,
        "ci_lower": -4028.3890528035836,
        "ci_upper": 4028.8613304490627
      },
      "k_T_decay": {
        "estimate": 4.3223876895376705,
        "se": 37621.012798649375,
        "ci_lower": -73732.86269766324,
        "ci_upper": 73741.50747304231
      },
      "k_M_T": {
        "estimate": 0.7724727905828849,
        "se": 3345.1457757401336,
        "ci_lower": -6555.713247660079,
        "ci_upper": 6557.258193241244
      },
      "k_M_decay": {
        "estimate": 0.6729453365303404,
        "se": 2913.9326324151198,
        "ci_lower": -5710.635014197104,
        "ci_upper": 5711.980904870165
      }
    },
    "local_sensitivity": {
      "k_C_base": 593.542399298414,
      "k_C_M": 35.8832326328451,
      "K_C": 4665.37700932,
      "n_C": 89.11509496862845,
      "k_C_decay": 44.497209914922756,
      "k_A_C": 211.71088477096117,
      "k_A_decay": 233.14880895833295,
      "k_T_A": 186.67735863678655,
      "k_T_input": 2247.2464411915525,
      "k_T_decay": 159.78421130018222,
      "k_M_T": 894.4845677965164,
      "k_M_decay": 1025.0139550506
    }
  }
}