dataset,condition,C_target,A_target,T_target,M_target,C_model,A_model,T_model,M_model,C_resid,A_resid,T_resid,M_resid
Bl6,Normal,-0.8614619375563097,-0.8162470073972893,-0.1927384698825008,-0.7049225126877288,0.631811169902641,2.080210459614103,1.6091178755773434,1.2435674744507477,1.4932731074589507,2.896457467011392,1.8018563454598442,1.9484899871384764
Bl6,SCC,0.4307309687781548,0.4081235036986449,0.0963692349412502,0.3524612563438644,0.631811169902641,2.080210459614103,1.6091178755773434,1.2435674744507477,0.20108020112448616,1.672086955915458,1.5127486406360933,0.8911062181068833
PAP_SCC,Papilloma,-0.4162847603404546,-0.3957107436700137,-0.349486555445781,-0.3600867112621045,0.631811169902641,2.080210459614103,1.6091178755773434,1.2435674744507477,1.0480959302430954,2.4759212032841167,1.9586044310231245,1.6036541857128521
PAP_SCC,SCC,0.4162847603404545,0.3957107436700131,0.3494865554457805,0.360086711262104,0.631811169902641,2.080210459614103,1.6091178755773434,1.2435674744507477,0.2155264095621865,1.6844997159440898,1.259631320131563,0.8834807631886437
PDV,PDV_WT,0.304216445069982,0.3550831000354538,0.2074806983284763,0.2346849267600328,0.631811169902641,2.080210459614103,1.6091178755773434,1.2435674744507477,0.32759472483265895,1.7251273595786492,1.4016371772488672,1.0088825476907148
PDV,PDV_LeprKO,-0.3042164450699822,-0.3550831000354536,-0.2074806983284767,-0.2346849267600329,0.631811169902641,2.080210459614103,1.6091178755773434,1.2435674744507477,0.9360276149726232,2.4352935596495566,1.8165985739058201,1.4782524012107805
