{
  "targets": {
    "C_pap": 3.879749310410823,
    "V_pap": 3.2367565642009875,
    "R_pap": 1.1400056252621298,
    "M_pap": 5.47244946348727,
    "C_scc": 4.267887783808899,
    "V_scc": 2.883774461610717,
    "R_scc": 2.0651210392913573,
    "M_scc": 5.720060207024336,
    "C_offset": 3.879749310410823,
    "C_scale": 0.3881384733980755,
    "V_offset": 3.2367565642009875,
    "V_scale": -0.3529821025902704,
    "R_offset": 1.1400056252621298,
    "R_scale": 0.9251154140292275,
    "M_offset": 5.47244946348727,
    "M_scale": 0.24761074353706558
  },
  "model_A": {
    "k_C_base": 0.0,
    "k_C_M": 1.0,
    "K_C": 0.3,
    "n_C": 3.0,
    "k_C_decay": 1.0,
    "k_V_C": 1.0,
    "k_V_deg": 1.0,
    "k_L0": 0.0,
    "k_L_V": 1.0,
    "k_L_deg": 1.0,
    "k_R_TGFb": 1.0,
    "u_TGFb": 1.0,
    "k_R_deg": 1.0,
    "k_M_act": 1.25,
    "K_M": 0.5,
    "m_M": 2.0,
    "k_M_deg": 1.0,
    "clip_state": 1.0
  },
  "model_B": {
    "k_C_base": 0.1,
    "k_C_M": 0.0,
    "K_C": 0.3,
    "n_C": 3.0,
    "k_C_decay": 1.0,
    "k_V_C": 1.0,
    "k_V_deg": 1.0,
    "k_L0": 0.0,
    "k_L_V": 1.0,
    "k_L_deg": 1.0,
    "k_R_TGFb": 1.0,
    "u_TGFb": 1.0,
    "k_R_deg": 1.0,
    "k_M_act": 1.25,
    "K_M": 0.5,
    "m_M": 2.0,
    "k_M_deg": 1.0,
    "clip_state": 1.0
  }
}