{
  "model_A_params": {
    "f_ras": 1.0,
    "k_C_ras": 0.015985576828521895,
    "k_C_TGFb": 0.2130625409964893,
    "K_C": 0.5,
    "n_C": 4.0,
    "k_C_M": 1.7051911364621661,
    "k_C_deg": 1.0,
    "k_A_ras": 0.1786863157008795,
    "k_A_C": 1.8859669280394857,
    "k_A_deg": 1.0,
    "k_T_A": 1.4411691351610745,
    "k_T_C": 0.0,
    "k_T_deg": 1.0,
    "k_R_prod": 0.828497260351655,
    "K_R": 0.5,
    "p_R": 4.0,
    "k_R_deg": 1.0,
    "L_sys": 0.1,
    "k_L_A": 1.0,
    "k_M_max": 1.2980395012720187,
    "K_M": 0.5,
    "q_M": 4.0,
    "clip_state": true
  },
  "model_B_params": {
    "f_ras": 1.0,
    "k_C_ras": 0.015985576828521895,
    "k_C_TGFb": 0.2130625409964893,
    "K_C": 0.5,
    "n_C": 4.0,
    "k_C_M": 0.0,
    "k_C_deg": 1.0,
    "k_A_ras": 0.1786863157008795,
    "k_A_C": 1.8859669280394857,
    "k_A_deg": 1.0,
    "k_T_A": 1.4411691351610745,
    "k_T_C": 0.0,
    "k_T_deg": 1.0,
    "k_R_prod": 0.828497260351655,
    "K_R": 0.5,
    "p_R": 4.0,
    "k_R_deg": 1.0,
    "L_sys": 0.1,
    "k_L_A": 1.0,
    "k_M_max": 1.2980395012720187,
    "K_M": 0.5,
    "q_M": 4.0,
    "clip_state": true
  },
  "meta": {
    "description": "Calibrated to RNA+ATAC+scRNA combined dataset",
    "n_samples": 5000,
    "best_mse": 0.9118155218380264
  }
}